battery_power	blue	clock_speed	dual_sim	fc	four_g	int_memory	m_dep	mobile_wt	n_cores	pc	px_height	px_width	ram	sc_h	sc_w	talk_time	three_g	touch_screen	wifi	price_range
1225,0,0.7,1,6,0,60,0.1,107,2,15,10,1567,2423,17,11,6,1,0,0,2
1970,1,0.5,1,0,1,15,1.0,132,2,0,1399,1684,1658,15,9,20,1,1,1,2
1186,1,0.5,1,2,0,21,0.4,160,8,4,68,584,2361,17,8,7,1,0,0,1
1762,0,0.7,0,7,0,60,0.1,157,4,10,643,790,1380,14,5,14,1,0,0,1
1731,1,1.4,1,4,1,4,0.5,163,6,18,809,1988,3892,5,1,4,1,1,1,3
852,0,1.8,1,5,1,8,0.8,160,5,9,683,1349,315,7,6,20,1,0,0,0
848,1,1.5,1,4,1,36,0.3,151,4,16,56,527,2289,10,2,19,1,1,1,1
1575,0,2.5,1,0,1,11,0.2,185,7,20,492,818,2182,7,3,17,1,1,0,2
1554,0,2.8,1,7,0,23,0.1,105,6,18,699,1492,2184,13,9,20,1,0,1,2
1972,1,1.6,0,0,0,48,0.5,92,8,2,290,804,2872,7,2,11,1,0,1,3
827,1,0.6,1,9,1,35,0.2,87,6,17,23,826,2367,5,3,15,1,0,1,1
1063,0,1.5,0,7,0,3,0.9,155,4,10,394,849,1919,12,10,20,1,1,0,1
1695,0,2.3,1,1,0,34,0.4,84,5,10,713,1742,3296,17,6,14,0,0,0,3
1343,0,2.4,1,5,1,14,0.9,81,8,10,1063,1205,462,18,7,11,1,1,1,0
834,0,0.5,0,2,1,27,0.2,123,1,16,1421,1463,1591,11,9,20,1,1,0,1
595,0,2.6,0,0,1,20,0.4,122,2,18,623,816,1593,19,11,2,1,0,1,0
1081,1,1.9,1,13,1,42,0.1,101,7,17,83,816,2456,7,4,7,1,0,0,1
911,0,1.4,1,3,0,14,0.7,199,4,4,1563,1692,2933,16,3,11,0,1,0,3
844,0,2.2,1,1,1,22,0.9,197,7,2,777,1995,3154,14,11,7,1,0,0,3
1335,1,3.0,0,3,0,60,0.8,180,2,4,83,559,3615,5,2,9,1,0,0,3
1883,0,1.6,0,9,0,24,0.1,87,1,16,203,915,3563,17,10,3,0,0,0,3
1128,1,0.5,1,6,0,33,0.6,147,8,7,938,1226,1440,17,15,19,1,0,0,1
826,1,2.4,1,14,1,57,0.6,117,2,17,1077,1183,1907,15,14,5,1,0,0,1
1650,0,2.3,0,0,1,38,0.7,89,1,1,773,881,324,14,10,2,1,1,1,0
1162,0,1.0,0,0,0,50,0.5,104,4,10,332,866,1404,10,3,15,1,1,1,1
1517,0,2.5,0,2,1,8,0.8,169,4,18,570,1645,2738,18,16,12,1,0,0,2
963,0,0.5,0,1,1,60,0.8,156,3,3,742,821,2722,12,6,16,1,0,0,2
1837,0,1.0,1,5,1,12,0.9,103,8,6,1420,1539,2294,8,7,20,1,0,1,3
1028,1,2.8,0,1,1,30,0.1,193,1,10,1801,1923,1424,18,4,13,1,0,1,1
1831,1,2.2,1,4,0,55,1.0,189,8,9,1693,1790,1133,14,3,10,0,1,0,1
571,1,2.0,1,5,1,58,0.6,101,6,11,31,1536,555,19,10,11,1,0,1,0
1770,1,2.3,0,0,0,9,0.6,183,6,5,1098,1373,3785,13,10,14,1,0,1,3
970,1,1.3,1,5,0,59,0.2,84,7,19,1765,1786,3675,12,0,12,0,0,0,3
642,1,0.5,0,0,1,38,0.8,86,5,10,887,1775,435,9,2,2,1,1,0,0
622,1,1.9,1,12,0,11,0.8,193,8,14,760,1964,3183,5,0,4,1,1,1,2
600,1,1.8,0,9,1,6,0.8,199,2,15,486,1032,3495,17,4,7,1,1,0,2
1412,0,0.6,0,9,0,57,0.2,86,3,10,2,660,1853,15,10,18,0,0,1,1
733,0,0.8,0,7,0,16,0.4,138,4,12,202,1787,2648,12,0,19,1,1,0,2
1070,1,3.0,0,9,0,19,0.8,160,7,16,90,1614,2647,14,13,20,0,1,0,2
875,1,0.7,1,1,0,30,0.7,146,8,8,469,853,702,19,15,15,1,1,1,0
1994,1,0.7,0,5,0,5,0.4,189,2,7,86,1546,1836,12,11,18,1,0,0,2
823,0,1.0,1,9,1,18,0.2,182,5,16,1180,1350,3894,13,10,9,1,1,0,3
1908,0,0.5,0,9,1,30,1.0,111,2,19,140,1046,2944,19,17,17,1,0,1,3
790,0,0.5,1,7,1,44,0.1,89,8,8,1100,1437,3424,13,11,9,1,1,0,3
1330,1,1.8,1,1,0,40,0.5,177,1,5,194,892,2678,9,4,14,1,1,1,2
1660,0,0.5,0,2,1,15,0.7,100,8,8,440,569,2424,12,5,9,1,1,0,2
1776,0,2.2,0,2,0,20,0.9,82,6,16,1563,1803,2671,15,10,12,0,1,1,3
1611,0,0.5,1,4,1,27,0.9,199,1,10,163,1011,3078,15,2,6,1,0,1,2
1410,1,0.5,1,0,1,15,0.3,92,3,1,192,1311,2304,18,4,18,1,1,0,2
1772,1,1.6,0,17,1,45,0.5,159,2,18,837,1405,1146,6,1,17,1,1,0,1
1280,1,1.3,0,0,1,39,1.0,108,7,1,356,588,2335,6,4,2,1,0,1,1
1712,1,0.9,1,2,0,23,1.0,155,7,19,155,663,1422,5,0,15,1,1,0,1
1562,1,0.7,0,0,0,55,0.1,140,8,1,1032,1776,2096,15,3,3,0,0,0,2
891,0,1.9,1,1,1,18,0.1,153,6,3,40,1435,1303,17,16,4,1,1,1,0
1957,0,1.2,1,18,1,36,0.8,151,2,19,1194,1727,1115,16,2,18,1,0,1,1
1110,0,0.6,0,1,0,42,0.9,192,5,2,1179,1262,456,12,8,18,1,1,0,0
875,1,1.4,1,1,1,43,0.6,104,8,3,902,969,3396,14,2,18,1,0,0,3
1211,1,1.2,0,0,0,28,0.3,130,2,3,58,963,2750,6,1,14,0,1,0,2
769,0,0.5,1,12,1,54,0.2,112,4,19,1385,1780,941,15,8,20,1,0,1,0
671,0,2.9,0,7,1,2,0.1,95,6,19,614,1617,2278,13,4,2,1,0,0,2
1872,0,0.5,0,5,1,26,0.5,172,4,10,672,1088,2273,8,4,8,1,0,1,2
1076,0,2.3,1,0,1,14,0.7,191,5,0,1088,1718,2355,17,16,2,1,1,1,2
1325,0,1.9,0,2,0,50,0.1,146,1,10,499,695,2328,17,10,2,1,0,0,2
911,1,2.2,1,1,1,28,0.5,182,2,2,157,763,2638,8,4,13,1,1,1,1
1273,1,0.7,0,1,0,23,0.6,178,6,14,485,1399,558,8,5,13,1,0,0,0
1062,0,0.5,0,3,1,39,0.9,124,4,4,571,817,1345,16,0,11,1,0,1,0
1317,0,1.5,0,6,0,12,0.1,154,2,9,431,542,425,7,0,11,1,1,1,0
940,0,2.9,0,0,0,16,0.7,115,4,1,499,1090,2192,15,13,9,1,1,1,1
729,1,2.0,0,0,0,14,0.6,135,6,2,563,1055,3397,19,15,17,1,0,1,2
1494,0,2.4,0,6,1,3,0.9,93,7,17,944,1003,1208,14,13,17,1,1,0,1
1546,1,1.6,1,2,1,27,0.7,124,2,6,1138,1491,267,12,10,16,1,1,0,0
1253,0,0.7,0,0,1,34,0.9,113,4,10,161,647,3518,7,3,8,1,1,1,3
895,0,0.5,1,6,0,16,0.3,164,8,14,126,1575,3122,7,0,4,0,0,1,2
793,1,1.9,1,0,1,43,0.3,124,8,2,15,1196,1050,11,9,3,1,1,1,0
1628,1,1.8,1,11,0,56,0.1,136,2,13,500,1713,3358,17,11,12,1,1,1,3
625,0,2.7,1,2,0,42,0.8,138,8,3,203,1771,2929,10,4,17,1,0,0,2
1110,0,1.5,0,2,1,12,0.3,153,8,5,961,1950,624,9,7,15,1,0,0,0
999,0,1.7,0,6,0,49,0.6,132,1,17,608,1970,1598,7,0,8,0,1,0,1
1856,0,0.5,1,0,1,24,0.1,155,5,1,277,1155,2052,17,6,10,1,1,0,2
1715,0,2.6,1,9,1,15,0.6,120,6,20,114,1849,1249,16,2,4,1,1,0,1
1897,1,1.9,0,2,1,54,0.3,154,2,7,630,738,412,17,11,2,1,0,0,0
1202,1,2.4,1,0,0,19,0.1,122,2,1,404,1742,595,19,0,3,0,0,0,0
1171,1,1.7,1,2,0,19,0.3,167,7,19,248,755,263,6,5,8,0,0,0,0
964,0,2.0,0,0,1,22,0.7,86,8,0,225,1234,2577,17,16,5,1,1,0,2
1973,1,2.4,1,6,0,46,0.1,193,4,10,699,851,639,6,0,3,0,0,1,0
1992,1,0.6,1,11,0,2,0.1,141,1,14,649,895,3206,10,9,10,1,1,0,3
546,1,2.6,1,5,0,26,1.0,159,5,15,416,1658,1550,7,2,3,0,1,0,1
1093,0,0.5,0,1,1,31,0.6,171,2,12,1310,1420,1646,12,0,6,1,1,0,1
1880,1,2.0,0,11,0,35,0.1,200,4,14,930,1983,1930,17,7,15,0,1,0,2
1765,0,1.1,0,3,0,11,0.7,87,2,7,835,1175,3695,6,5,18,1,0,0,3
1640,0,0.5,1,1,1,36,0.9,87,8,11,664,1806,3235,6,1,10,1,0,1,3
1830,0,0.5,0,0,0,7,0.9,191,6,12,460,1583,2334,8,7,14,0,1,0,2
826,0,0.6,0,3,0,62,0.7,187,4,19,778,1615,1998,17,4,17,0,0,0,1
1864,0,2.2,0,0,1,7,0.1,142,1,2,225,1545,2258,10,1,10,1,0,0,2
586,1,0.6,0,16,1,42,0.3,121,7,17,785,1118,1869,12,2,7,1,1,1,1
1206,0,3.0,1,10,1,30,0.6,127,3,13,1581,1713,1825,7,1,4,1,0,1,2
832,1,0.5,1,1,1,5,0.1,165,5,2,9,1944,3946,12,5,14,1,1,1,3
848,1,2.8,0,1,0,8,0.1,103,7,3,7,1294,436,10,6,15,1,1,1,0
1851,0,2.9,0,0,0,53,0.7,112,6,2,174,1175,2678,6,0,8,1,0,0,2
1166,1,0.5,0,7,0,59,0.5,80,1,11,437,638,3887,8,6,7,1,0,1,3
1776,1,2.1,1,10,0,35,0.1,172,4,16,278,623,1813,16,13,20,1,1,1,1
1254,1,1.2,0,2,1,27,0.2,134,2,10,1288,1372,817,14,1,16,1,1,1,0
1494,0,1.6,1,4,1,24,0.2,101,1,17,979,1190,3614,15,12,9,1,0,0,3
984,1,2.2,1,0,1,39,0.5,119,8,18,56,1931,2013,11,7,16,1,1,0,1
1179,1,0.8,0,1,0,5,0.9,154,5,17,913,1429,543,8,7,18,0,0,1,0
513,0,1.9,0,8,0,27,0.4,174,8,13,282,710,3400,16,6,13,0,1,1,2
557,0,0.5,1,3,0,17,0.2,89,6,4,322,710,2623,17,16,16,0,0,0,1
744,0,1.7,1,0,1,33,0.5,105,4,2,1252,1963,2700,9,3,19,1,0,0,2
1129,1,0.8,1,9,1,21,0.6,116,2,10,1128,1702,1400,11,0,13,1,1,0,1
1148,0,2.3,1,0,1,58,0.3,170,5,20,606,688,3127,10,7,11,1,0,0,2
1793,0,2.7,0,12,1,44,0.7,175,5,17,655,1459,2803,19,9,6,1,1,1,3
1310,0,2.3,1,3,0,15,0.2,150,5,11,954,970,2518,18,17,5,0,1,1,2
1604,0,1.2,0,1,0,6,0.5,191,6,15,68,1042,3564,7,2,2,1,1,0,3
1676,0,1.6,0,2,0,37,0.2,145,1,3,134,1197,2515,14,8,4,1,0,1,2
1001,0,2.8,1,1,0,40,0.2,117,3,7,922,1836,3654,13,9,10,1,1,1,3
1086,0,2.7,0,0,1,24,0.1,135,8,19,1874,1976,3930,17,1,18,1,1,1,3
1986,1,0.5,1,7,1,39,0.1,89,7,19,251,599,3476,11,8,17,1,1,0,3
634,1,0.8,0,5,0,41,0.2,192,1,12,1362,1853,3242,18,11,4,1,0,1,3
502,0,0.8,0,7,0,52,1.0,82,6,8,281,1159,2666,5,4,20,1,1,0,2
1641,0,1.1,0,6,0,48,0.7,97,8,7,224,1994,1695,13,6,17,1,0,1,2
623,0,1.4,1,0,1,15,0.2,189,3,1,778,844,3510,14,4,18,1,0,1,2
962,1,1.1,1,3,0,17,0.1,161,8,20,546,1424,3438,14,3,20,0,0,0,3
1057,1,2.7,0,3,1,41,0.1,97,4,10,397,891,2033,16,9,2,1,1,0,1
1862,0,1.5,0,1,0,62,1.0,182,1,2,386,1046,1017,11,3,9,1,0,0,1
555,1,3.0,1,5,1,38,0.8,193,2,10,214,1970,1686,8,1,8,1,0,1,1
1000,0,2.7,0,1,1,58,1.0,135,5,12,461,833,862,7,0,20,1,0,0,0
841,0,0.5,0,6,1,11,0.3,81,5,14,125,675,957,6,5,11,1,1,0,0
865,0,2.9,0,5,0,16,0.1,89,4,12,335,1009,3494,13,3,14,0,0,1,3
999,0,2.6,1,11,1,56,1.0,165,4,13,342,1641,3083,8,4,11,1,1,1,2
1232,0,1.2,0,12,0,30,0.9,131,6,14,625,761,1656,8,4,15,1,1,1,1
1194,0,2.3,0,6,1,34,0.2,165,2,12,494,509,313,15,1,19,1,1,0,0
612,1,0.5,1,1,1,20,0.8,179,8,6,1145,1487,3282,16,2,18,1,1,1,3
1362,1,2.9,0,0,0,47,0.5,186,6,4,600,1042,3629,19,17,5,0,1,1,3
1469,0,1.7,1,11,1,44,0.5,169,2,14,484,711,1687,15,5,5,1,1,1,1
986,1,0.8,0,13,1,28,0.8,182,4,20,199,679,1149,8,7,18,1,1,0,0
1843,0,2.8,0,1,1,62,0.8,104,3,7,21,832,3899,5,4,6,1,0,1,3
1561,0,0.5,1,10,1,4,0.5,134,2,13,885,1811,1783,13,12,10,1,1,0,2
1695,1,0.5,1,2,1,47,0.5,189,5,13,308,1208,1629,8,6,11,1,1,0,1
667,0,2.6,1,3,0,8,0.8,185,1,7,1015,1947,2528,11,8,8,0,1,0,2
1768,1,2.0,0,0,1,2,0.8,88,7,2,1303,1814,3256,9,6,5,1,1,0,3
1269,1,2.8,1,16,0,41,1.0,180,8,17,406,1036,2341,10,9,16,0,0,1,2
1109,1,2.8,1,6,0,57,0.9,151,1,12,124,833,2785,15,10,16,1,0,0,2
936,0,0.5,1,14,1,14,0.1,164,3,17,150,1677,3761,13,1,12,1,0,0,3
1713,1,2.0,0,9,1,5,0.7,199,6,16,108,1963,1513,15,6,2,1,0,1,1
1175,1,1.7,1,1,1,45,0.6,167,2,7,90,557,2240,10,6,5,1,1,0,1
1940,1,1.0,1,0,1,5,0.2,194,4,1,588,1809,820,19,18,3,1,1,1,1
855,1,0.5,0,2,1,59,0.5,159,2,3,1028,1196,1875,16,8,8,1,1,1,1
771,1,0.5,1,0,1,33,0.1,157,3,17,776,1247,920,16,2,10,1,1,1,0
645,0,2.5,0,10,1,63,1.0,174,4,14,278,584,3615,18,8,13,1,0,1,2
1307,0,1.8,0,2,0,7,0.6,88,7,3,897,1103,1412,16,9,5,0,0,1,1
1948,0,2.9,1,4,0,5,0.2,136,1,13,651,700,361,6,1,10,0,1,0,0
1509,0,0.6,1,5,0,50,0.3,81,4,8,1010,1684,1540,12,8,3,1,1,0,1
626,1,2.8,1,3,1,11,0.8,109,2,9,737,1759,1077,6,1,4,1,0,1,0
1190,0,2.0,1,0,0,40,0.2,93,5,1,1399,1646,3610,13,7,9,0,0,1,3
1727,1,2.1,1,10,0,57,0.3,158,6,18,376,1288,512,5,2,6,0,0,0,0
1670,1,3.0,0,14,0,62,0.5,114,8,20,1117,1330,3024,6,0,20,0,0,1,3
1150,1,0.5,1,4,1,27,1.0,134,1,17,234,1947,1610,11,0,16,1,0,0,1
1208,0,2.9,0,5,1,16,1.0,175,1,19,691,1028,2201,17,16,12,1,0,0,1
1812,1,1.3,1,4,1,42,1.0,162,7,15,380,1550,3338,18,13,11,1,1,1,3
770,1,1.5,1,6,0,61,0.2,196,4,9,603,1483,3473,7,3,4,0,0,1,3
1559,1,1.3,1,10,1,10,0.3,114,8,17,117,681,2203,7,5,15,1,1,1,1
1902,0,0.5,0,10,0,13,0.2,155,4,11,766,877,940,14,10,15,1,1,0,1
1751,0,2.5,0,1,0,4,0.6,146,8,9,1499,1952,1155,19,14,12,0,1,1,1
1416,1,1.8,1,0,0,20,0.1,93,4,0,1175,1578,3872,10,2,7,0,0,1,3
1288,0,0.5,1,3,1,61,0.2,115,6,6,988,1503,1882,16,6,10,1,0,1,2
1003,1,2.9,0,16,1,16,0.6,119,8,19,190,1905,1798,16,7,10,1,0,0,1
1715,1,0.5,1,1,1,18,0.1,96,6,3,674,1375,2598,17,2,3,1,0,0,3
1967,0,0.5,0,0,1,46,0.6,199,1,7,518,1374,1567,15,2,7,1,1,0,1
962,0,1.0,1,14,0,2,0.9,125,1,20,1618,1916,1491,16,2,14,1,0,0,1
1487,0,1.5,0,5,1,42,0.8,120,2,7,857,989,2003,12,4,3,1,0,0,2
1569,1,1.6,1,4,1,54,0.9,190,4,6,371,665,3905,6,2,4,1,0,0,3
1146,0,3.0,0,5,1,57,0.4,111,5,10,73,583,291,19,9,11,1,1,1,0
1379,1,1.5,0,6,1,9,0.8,118,8,13,98,755,1693,11,4,18,1,0,1,1
1504,0,1.9,1,7,1,25,0.3,152,4,9,395,1853,1788,13,11,13,1,0,1,1
1945,0,1.2,0,3,0,26,0.7,112,6,5,1064,1540,3322,18,7,20,0,0,1,3
1630,1,2.8,1,0,1,32,0.9,80,6,1,712,1726,1751,12,10,20,1,0,1,2
1125,1,2.7,0,10,0,23,0.4,117,1,14,774,939,1641,14,8,12,1,1,0,1
614,1,0.7,0,4,1,51,0.1,178,7,7,1012,1040,2854,10,7,12,1,0,1,2
854,0,1.0,0,5,1,17,0.9,101,4,9,730,1148,3115,7,0,2,1,0,0,2
1470,1,1.7,1,6,0,45,0.1,121,1,9,777,1090,3259,10,1,14,1,0,1,3
1826,1,0.5,1,5,1,49,0.6,172,8,6,973,1633,1612,17,9,17,1,1,0,2
807,1,0.5,1,0,0,37,0.2,127,4,0,245,829,2319,5,4,4,0,0,0,1
1996,1,2.8,1,0,1,7,0.1,138,5,4,937,1083,1258,17,14,16,1,0,0,1
1083,1,2.0,0,3,0,41,0.7,158,5,5,937,1164,1543,18,3,10,0,0,1,1
1035,0,0.5,1,14,1,49,0.3,178,2,15,574,1171,3991,12,4,19,1,0,0,3
1521,1,1.6,0,5,1,62,0.3,143,1,9,678,1630,3555,5,2,19,1,0,0,3
1314,1,2.8,1,13,1,5,1.0,87,4,18,82,512,3411,17,16,18,1,0,0,3
535,0,1.9,0,5,0,24,0.2,190,8,19,398,1775,524,9,3,4,0,0,0,0
673,1,1.9,0,13,1,35,0.4,142,6,14,1096,1570,3541,18,17,4,1,0,1,3
1219,0,1.6,1,5,0,4,0.3,169,6,7,1419,1698,1998,9,2,4,0,0,0,2
1606,1,0.5,1,0,1,33,0.9,200,5,0,157,770,3437,11,1,2,1,0,0,3
1603,1,0.5,1,1,1,17,0.5,114,2,8,430,1207,1637,17,3,11,1,0,1,1
1958,0,0.5,0,6,1,52,0.4,153,1,14,1524,1848,3064,7,6,3,1,0,0,3
695,0,0.5,0,18,1,12,0.6,196,2,19,1649,1829,2855,16,13,7,1,1,1,2
1441,0,0.6,1,0,1,53,0.5,106,1,12,254,954,1393,9,4,4,1,1,1,1
1470,0,2.2,1,4,1,33,0.4,138,7,10,1790,1988,1633,18,4,4,1,0,0,2
1890,0,1.1,0,4,1,48,0.5,127,4,5,1438,1832,2392,10,4,15,1,0,1,3
1152,1,2.1,1,0,1,26,0.3,82,2,0,1304,1673,3284,15,2,8,1,0,1,3
1619,1,0.9,0,3,0,20,0.9,117,6,9,813,1180,464,7,5,16,1,0,1,0
1002,1,1.8,0,1,0,45,0.7,180,7,7,948,1007,1234,19,13,18,1,1,0,0
742,1,0.5,0,0,1,36,0.7,139,3,1,1161,1288,292,8,0,6,1,1,1,0
1306,1,2.1,1,2,1,33,0.4,174,3,9,867,1258,2521,6,5,16,1,0,0,2
1424,1,2.9,1,0,0,20,0.6,180,5,0,181,1199,2658,15,0,19,1,0,0,2
942,0,1.4,1,8,0,27,0.5,91,4,9,754,1532,587,6,3,13,0,1,1,0
1934,1,2.7,0,8,1,2,0.1,118,4,16,242,1127,2190,18,1,9,1,0,1,2
1290,1,1.4,1,19,1,35,0.3,110,4,20,405,742,879,16,2,8,1,0,0,0
930,0,2.1,1,0,0,54,0.9,80,1,13,1569,1763,1743,7,1,9,0,1,0,2
1699,1,0.5,0,16,0,21,0.1,156,4,20,105,1099,1181,16,0,18,1,1,0,1
1849,1,0.5,0,1,0,29,0.5,181,7,12,978,1986,3330,14,4,15,1,0,1,3
1922,0,0.5,0,15,1,42,0.6,153,8,16,725,1882,3564,12,1,17,1,0,0,3
548,0,1.0,1,0,1,56,0.4,146,4,14,657,1657,562,17,14,8,1,1,1,0
916,1,0.5,0,0,1,47,0.2,82,4,1,1147,1393,1659,11,10,11,1,1,0,1
1783,1,0.5,0,8,0,14,0.6,183,8,11,910,1566,1816,12,7,7,0,0,1,2
1083,1,1.4,1,2,1,49,0.8,156,5,9,295,503,1338,16,8,5,1,1,1,0
1698,0,2.8,0,10,1,7,0.8,131,8,12,26,508,2992,15,3,17,1,1,0,2
1969,0,0.8,1,5,1,7,0.2,85,8,20,332,764,315,16,7,7,1,1,0,0
869,0,1.9,0,0,0,2,0.6,197,7,3,519,533,3249,19,0,12,0,0,1,2
1337,1,2.7,1,0,0,5,0.7,200,4,1,161,1029,3242,10,1,20,0,1,0,2
637,1,0.8,1,2,0,28,0.6,194,4,6,1080,1289,2725,15,10,7,0,0,0,2
833,1,0.6,1,0,1,27,0.3,145,4,2,649,1290,586,19,8,19,1,0,1,0
1248,0,2.4,0,6,1,9,0.4,89,3,8,71,1686,2454,9,8,13,1,1,0,2
1174,1,0.9,0,7,0,30,1.0,147,4,20,744,1244,804,17,14,16,0,1,1,0
1831,1,2.3,0,3,1,44,0.2,148,7,14,437,1113,2460,10,5,18,1,0,0,2
1002,0,2.6,1,7,0,27,0.1,146,1,10,115,1111,1295,18,15,17,1,0,1,0
1010,1,2.0,1,2,1,8,0.9,139,5,3,547,957,2625,15,11,12,1,1,0,2
1117,1,0.5,1,2,0,21,0.1,177,2,19,495,1035,1999,15,9,2,1,0,1,1
990,1,2.7,1,3,0,15,0.9,153,2,7,1466,1717,2698,11,8,6,1,0,0,2
1564,0,1.4,0,5,1,26,0.1,129,6,16,117,1115,3742,13,3,13,1,1,0,3
1065,0,2.8,1,0,1,21,0.1,158,5,3,760,1722,1193,16,13,20,1,0,1,1
1982,0,1.1,0,12,0,24,0.1,129,7,16,764,1873,3511,16,14,15,1,1,1,3
1607,0,1.1,1,6,1,20,1.0,192,2,8,776,1005,885,11,1,14,1,1,0,0
1066,0,3.0,1,6,1,5,0.5,167,5,7,53,1504,1044,8,7,11,1,0,0,0
681,0,0.5,1,12,1,17,0.9,194,5,19,371,1702,2548,6,1,5,1,0,1,2
1163,1,2.1,1,0,1,19,0.9,132,2,1,728,818,2940,13,0,15,1,0,1,2
1285,0,0.8,1,4,1,11,0.8,199,5,7,1791,1896,3966,17,15,2,1,1,1,3
753,1,0.5,0,11,1,48,0.1,121,8,20,606,1316,3484,11,10,16,1,0,0,3
1779,1,2.6,1,2,0,5,0.8,90,1,3,1225,1717,1246,12,2,20,0,1,0,1
987,1,1.9,0,4,1,52,0.5,83,3,8,419,736,2757,17,12,15,1,1,0,2
511,0,0.9,1,15,1,24,0.6,136,3,18,367,1264,2378,18,3,4,1,0,0,1
1044,0,1.8,0,4,1,12,0.7,104,6,5,1230,1263,1794,18,7,19,1,1,1,1
1855,0,0.5,0,5,0,32,0.6,187,8,18,267,1161,3933,7,0,7,1,0,1,3
946,1,1.4,0,9,0,26,0.1,186,6,10,273,891,1637,7,3,6,1,0,1,0
657,1,1.9,1,2,0,21,0.1,110,8,8,705,1905,783,6,1,11,1,1,0,0
1673,1,1.6,0,2,0,42,0.5,182,5,6,214,679,3094,12,4,20,0,0,0,2
731,1,0.5,1,0,1,28,0.5,130,8,0,424,1032,1774,12,8,10,1,0,0,1
926,1,0.8,0,6,1,59,0.8,161,7,14,84,793,256,18,7,2,1,0,1,0
1261,0,0.5,0,3,1,52,0.3,86,2,9,605,1429,1365,9,3,16,1,0,1,1
618,0,1.1,0,11,1,45,0.2,188,3,20,1175,1586,2339,19,2,10,1,1,0,2
936,1,2.3,0,5,1,57,0.2,129,2,6,657,938,2049,12,8,5,1,1,0,1
1485,1,0.9,1,0,1,28,0.8,158,5,1,371,1023,3241,14,11,11,1,1,0,3
1339,1,0.5,1,10,1,21,0.5,80,4,11,833,1441,867,8,3,3,1,1,0,0
508,1,1.3,0,1,0,50,0.7,82,5,9,102,1195,2175,14,4,14,0,0,1,1
1938,1,0.5,1,5,0,44,0.5,121,2,9,1299,1935,3497,18,10,18,0,1,0,3
995,0,1.3,1,1,0,10,0.1,104,4,3,258,1889,609,11,3,5,1,0,1,0
1086,1,1.7,1,0,1,43,0.2,111,6,1,56,1150,3285,11,5,17,1,1,0,2
1322,0,2.3,1,1,1,35,0.1,157,1,3,443,708,3684,15,8,6,1,0,0,3
1864,0,1.9,1,2,0,57,0.1,181,6,6,1279,1793,3586,19,9,8,0,0,1,3
1944,1,0.5,0,1,1,26,0.5,92,4,9,313,712,2322,19,8,7,1,0,1,2
581,0,0.6,0,5,1,56,0.2,180,2,10,523,565,354,10,4,13,1,1,1,0
1020,1,0.7,1,3,1,27,0.7,128,4,4,919,1482,3204,18,1,9,1,0,1,3
1936,0,1.3,0,2,0,44,0.1,139,3,3,570,1021,1400,17,7,3,0,0,1,1
1329,1,1.7,0,5,1,23,0.6,198,8,6,380,682,2308,11,10,9,1,1,0,1
808,1,0.5,1,3,0,46,0.5,105,8,15,119,529,1082,15,5,10,1,0,1,0
994,0,1.2,1,4,0,40,0.9,164,2,17,296,839,3104,17,7,11,0,0,0,2
1811,1,2.0,0,3,1,22,0.2,82,2,8,358,614,2847,9,2,4,1,0,1,2
765,1,2.5,0,3,0,44,0.3,88,8,11,1364,1851,2256,6,1,19,0,1,1,2
993,1,2.3,1,0,0,16,0.4,106,7,13,424,1639,1113,14,1,6,0,0,1,0
1136,1,1.6,0,15,0,32,0.5,150,6,19,961,1030,3210,10,3,8,1,1,1,3
719,1,0.5,1,0,1,23,0.4,113,6,9,431,1727,3990,14,9,12,1,1,1,3
733,1,0.6,1,0,0,63,0.3,105,7,10,950,1739,984,17,4,9,1,0,1,0
1946,0,2.7,1,8,0,8,0.3,123,8,19,647,1849,3117,6,0,2,1,0,0,3
1230,1,1.6,0,0,1,48,0.7,111,7,2,1960,1963,1622,18,17,16,1,1,1,2
1577,0,1.0,1,0,1,64,0.1,105,3,7,116,1432,2967,7,3,7,1,1,1,3
1514,1,1.4,0,3,1,12,0.6,138,3,4,306,538,1037,15,3,15,1,0,1,0
579,1,2.5,0,3,0,7,1.0,89,8,10,808,1517,2908,12,4,11,0,0,1,2
574,1,3.0,0,1,1,30,0.9,126,2,3,94,1334,1167,5,3,19,1,0,0,0
1072,1,2.2,1,6,0,19,0.4,114,8,16,380,877,2715,15,9,16,0,1,0,2
843,0,1.3,1,1,0,16,0.9,119,7,4,593,732,1734,17,8,14,0,0,1,1
1492,1,1.5,0,5,0,11,0.9,85,3,7,1684,1746,2259,14,12,19,0,1,1,3
1807,1,2.9,0,0,0,16,0.2,125,3,0,1221,1415,2921,8,5,17,0,1,0,3
909,1,0.7,1,7,0,47,0.1,146,3,9,410,1643,1244,14,10,16,0,1,0,0
1876,0,1.3,1,9,1,64,1.0,98,3,19,600,1211,3132,17,0,2,1,1,1,3
1436,1,2.4,1,3,1,23,0.3,106,5,4,189,1411,2488,8,4,8,1,0,0,2
1251,0,0.5,1,10,1,29,0.7,133,6,16,308,591,1052,11,9,11,1,0,0,0
636,0,0.5,0,8,1,28,0.9,152,2,15,148,742,2927,15,6,3,1,0,0,2
1354,1,0.7,1,3,1,26,0.5,136,4,6,297,918,2090,5,1,13,1,1,0,1
930,1,0.5,1,3,1,34,0.5,190,4,16,1050,1726,2131,7,2,6,1,0,1,2
1830,1,1.0,0,7,1,47,0.3,117,1,11,1191,1882,3362,13,10,11,1,0,0,3
1424,0,0.5,1,16,1,23,0.6,80,4,18,1399,1663,1053,14,11,16,1,1,1,1
583,1,0.9,1,1,0,51,0.9,88,8,2,1658,1794,1799,16,9,7,0,1,0,1
648,1,0.5,1,9,1,54,0.4,109,5,20,1153,1817,3124,5,0,13,1,0,0,3
1203,1,0.5,1,0,1,11,0.9,109,2,12,35,510,1672,17,13,19,1,1,0,0
1777,0,2.2,1,0,0,15,0.2,100,4,7,553,874,1552,10,8,10,1,1,0,1
1299,1,2.8,1,0,0,64,0.5,83,6,6,46,908,1938,19,8,5,1,0,1,1
1494,0,1.9,0,2,1,47,0.4,129,2,9,207,1177,3202,13,1,14,1,0,0,3
527,0,0.7,1,4,0,53,0.9,128,1,11,67,1924,1302,13,7,13,0,0,0,0
793,1,2.8,1,1,1,64,0.4,179,4,2,818,1006,2296,12,0,5,1,1,0,1
873,1,0.5,1,6,0,8,0.6,152,7,9,1257,1411,575,15,8,7,1,0,1,0
722,0,1.1,0,12,0,12,1.0,93,6,20,138,1371,2359,13,6,3,0,0,0,1
1250,1,1.5,0,14,1,20,0.4,167,5,18,11,1020,3314,6,5,6,1,1,1,2
1358,0,1.7,0,0,0,60,0.6,147,3,1,889,1635,440,14,10,13,1,0,0,0
1035,1,1.9,1,8,0,11,1.0,173,6,10,831,1709,2002,17,8,5,1,1,0,1
1289,0,0.8,1,3,1,16,0.9,161,6,17,713,1854,3167,14,8,20,1,1,0,3
1445,0,2.2,1,2,0,37,0.4,82,2,6,527,1393,3480,17,16,17,1,1,1,3
1702,1,2.3,1,12,1,47,0.6,107,2,19,1284,1643,595,10,0,19,1,0,1,1
534,0,0.5,1,4,0,2,0.2,85,5,16,911,1220,2466,5,3,18,0,1,1,2
628,1,1.8,0,5,0,60,0.2,87,6,6,1047,1534,1337,12,7,14,0,1,0,1
713,0,1.4,1,4,0,53,0.8,98,1,17,123,1477,1462,19,18,13,1,0,1,0
1207,0,0.5,0,0,0,58,0.3,112,8,0,406,681,503,7,3,5,1,1,0,0
683,1,2.1,0,7,0,30,0.1,197,7,8,927,1135,2066,9,0,15,0,0,0,1
594,1,2.6,0,1,0,27,0.1,196,5,2,407,528,708,17,5,17,0,1,1,0
537,1,2.0,0,1,1,55,0.3,103,7,2,1041,1430,2029,10,5,12,1,1,1,1
1565,1,0.5,0,0,0,38,0.1,121,5,1,781,1364,308,19,17,7,1,1,1,0
1052,0,0.9,0,1,0,6,0.8,195,4,16,1191,1839,552,6,1,11,0,0,1,0
713,0,1.6,0,4,1,63,0.7,89,2,8,103,1760,2082,15,10,12,1,0,0,1
1766,1,0.5,1,1,0,16,0.6,141,5,7,125,1227,3314,9,7,17,0,0,1,3
584,1,1.7,1,1,1,19,0.4,199,4,4,919,1343,3996,12,9,17,1,1,1,3
1541,1,1.5,1,6,1,5,0.5,109,4,10,536,1656,1795,7,3,4,1,1,1,1
837,0,2.4,1,1,0,51,0.2,104,5,15,638,1831,594,16,6,20,1,0,1,0
935,1,0.5,1,3,1,58,0.1,155,5,12,639,1087,2473,10,4,9,1,0,1,2
665,1,0.7,0,0,1,31,0.1,185,5,2,496,1804,690,5,2,15,1,0,0,0
680,1,2.4,0,13,1,34,0.4,157,2,17,686,1418,3845,15,1,4,1,1,1,3
877,0,1.5,1,0,1,17,0.1,195,7,0,1064,1985,2004,11,8,9,1,1,1,1
1493,0,1.5,1,13,0,53,0.5,102,5,16,240,1414,2083,19,15,20,0,1,1,2
1762,0,0.6,0,3,1,26,0.1,83,6,14,525,704,2661,9,7,4,1,1,0,2
842,1,1.8,1,4,0,57,1.0,124,3,10,348,730,1903,8,4,14,0,1,0,1
925,1,2.1,0,9,0,56,0.2,196,1,14,1262,1520,2466,8,0,5,1,0,0,2
1692,0,2.1,0,4,1,2,0.9,106,1,17,1899,1904,3779,9,3,7,1,1,1,3
1576,1,2.2,0,8,0,5,0.7,139,3,17,258,789,3904,5,1,7,1,1,1,3
1065,0,1.7,1,4,1,48,0.3,162,6,8,1188,1948,265,8,0,12,1,0,0,0
958,1,1.6,0,9,1,60,0.4,200,1,12,730,751,1417,10,4,19,1,0,1,0
623,1,0.8,0,6,1,26,0.3,197,7,12,484,1238,1769,10,1,16,1,0,0,1
897,0,1.4,1,1,0,17,0.4,171,1,2,547,1852,2948,12,3,5,0,0,1,2
1110,0,1.5,0,4,1,41,0.1,152,3,16,800,1455,2572,16,5,16,1,0,1,2
616,1,2.2,0,3,1,21,0.8,150,7,4,347,513,3267,17,9,19,1,0,0,2
1680,1,1.2,1,6,1,37,0.7,168,4,7,679,1231,1459,15,3,2,1,1,0,1
1715,0,1.3,0,0,1,12,0.3,94,8,6,1224,1676,1633,15,10,5,1,1,1,2
983,0,0.6,1,0,1,45,0.1,130,4,11,948,1205,2052,5,3,6,1,0,1,1
720,1,0.9,1,12,1,14,0.8,165,4,14,366,1234,1086,14,7,3,1,1,0,0
1660,0,0.6,0,2,1,24,0.8,169,2,3,223,1777,2402,12,10,14,1,1,1,2
1564,0,1.5,1,1,0,42,0.7,108,2,2,1619,1962,3376,7,0,7,0,1,0,3
592,0,0.8,1,1,0,52,0.9,103,7,10,332,970,1507,5,0,4,0,0,1,0
969,0,1.8,1,2,1,44,0.6,158,3,7,167,909,641,9,1,8,1,0,1,0
1356,1,0.5,1,0,0,35,0.8,131,1,19,782,951,3451,5,2,17,1,1,1,3
504,1,1.0,0,8,0,14,0.5,189,7,9,881,1129,1607,15,0,10,1,1,1,0
1546,1,0.5,1,3,1,6,0.2,101,1,4,91,1317,3521,15,11,9,1,0,0,3
689,0,2.9,1,3,1,7,0.8,147,2,6,487,722,1241,9,0,16,1,0,0,0
1685,0,0.6,0,14,0,16,0.6,137,7,15,120,1429,881,6,3,17,0,1,1,0
1792,1,1.0,0,3,1,62,0.3,170,7,8,1626,1913,2563,18,14,15,1,0,1,3
1786,0,1.2,0,11,0,61,0.1,123,3,14,74,865,3033,14,11,17,0,1,0,3
1944,0,0.6,1,9,1,59,0.2,132,7,10,634,1079,769,19,13,3,1,0,1,0
1077,1,2.5,0,13,1,49,0.6,131,4,14,334,1079,3454,17,11,2,1,0,1,3
648,1,1.8,0,1,1,60,0.1,195,4,4,931,1811,819,10,3,4,1,0,0,0
1702,1,0.5,1,8,0,2,0.6,185,6,19,921,1351,435,12,9,3,0,1,1,0
1571,0,2.9,0,1,0,30,0.9,150,7,3,805,956,586,10,9,4,0,1,1,0
856,1,1.1,1,14,1,19,0.7,125,6,19,1057,1931,650,17,0,10,1,0,1,0
1786,0,2.6,0,6,0,14,1.0,115,4,15,616,912,3038,18,0,14,1,0,0,3
914,1,0.7,0,1,1,60,0.9,198,5,4,740,840,3736,14,8,5,1,0,0,3
1615,1,2.8,0,3,0,9,0.9,117,1,13,542,678,2948,8,3,3,1,1,0,2
649,1,1.4,0,4,1,19,0.8,190,7,12,344,1551,739,18,1,2,1,1,0,0
1646,0,2.5,0,3,1,25,0.6,200,2,5,211,1608,686,8,6,11,1,1,0,0
1189,1,1.9,0,5,0,7,0.5,164,2,20,79,615,841,13,10,11,0,1,0,0
1043,0,2.7,0,3,0,29,0.2,83,8,17,887,893,1183,5,3,8,1,0,0,0
1920,0,0.6,1,3,1,19,0.5,131,3,8,670,1152,3943,13,0,4,1,1,0,3
1220,1,2.8,0,1,0,54,0.7,109,7,20,383,1249,1037,6,4,15,1,0,0,0
1748,1,0.5,1,11,1,53,0.5,114,4,20,718,1109,2633,16,0,9,1,0,0,2
907,1,2.6,1,7,0,44,0.2,160,3,12,144,896,3911,13,6,8,0,0,0,3
1193,1,2.3,0,7,0,20,1.0,158,7,13,1442,1904,1958,7,5,2,1,0,0,2
1766,1,0.5,1,1,1,22,0.8,122,8,4,291,1318,3297,7,5,16,1,0,0,3
1278,1,1.0,0,7,1,24,0.8,170,3,16,1352,1775,3141,6,2,11,1,1,1,3
1234,0,1.7,1,8,0,17,0.9,174,6,15,209,725,3351,12,9,19,0,0,1,2
1961,1,1.5,0,10,0,55,0.5,100,7,20,861,1888,2355,14,7,6,1,1,1,3
1745,0,2.9,0,0,1,3,0.9,105,3,0,426,1629,1308,5,0,2,1,1,0,1
1442,0,0.6,1,1,0,27,0.4,127,5,8,266,642,991,14,8,7,1,0,0,0
1083,1,2.9,1,1,1,39,1.0,173,8,2,523,542,3248,8,6,6,1,0,1,2
868,1,0.9,0,5,0,5,0.4,137,4,7,40,1311,1519,13,0,2,0,0,1,0
864,0,1.6,1,0,1,53,0.3,88,6,1,262,1436,493,18,9,10,1,1,0,0
1142,1,1.2,0,0,0,2,0.6,114,6,0,623,769,1747,7,0,14,0,1,0,1
608,1,0.5,1,0,0,64,0.9,94,4,0,4,1351,2517,16,8,7,1,1,1,1
983,0,1.8,0,0,1,53,0.9,187,1,4,1001,1176,1389,17,8,8,1,1,1,1
1720,0,1.6,0,18,1,2,0.8,188,5,20,334,896,2522,10,5,2,1,0,1,2
1802,1,1.2,1,8,0,27,0.5,116,5,16,453,963,1885,10,9,7,1,1,0,2
591,0,2.1,1,18,1,16,0.5,196,7,20,952,1726,704,14,5,4,1,1,1,0
1205,1,2.7,0,5,0,10,0.1,163,6,10,321,1870,953,18,11,20,0,1,1,0
1369,1,1.7,1,3,0,28,0.6,108,1,18,1451,1469,3206,16,15,4,0,0,0,3
713,0,0.9,1,0,0,42,0.1,94,1,14,1048,1123,928,12,10,9,0,0,1,0
1082,0,2.3,1,11,0,2,1.0,101,4,20,398,724,2177,12,2,17,0,1,0,1
1719,1,2.1,1,0,0,52,0.1,187,3,1,417,520,2610,10,1,11,1,1,1,2
1544,0,2.4,0,18,1,12,0.1,186,7,20,470,844,489,9,4,2,1,0,1,0
1090,1,2.3,0,1,1,8,0.6,128,8,8,1217,1670,3839,17,3,11,1,0,1,3
1991,0,2.8,0,3,1,15,0.1,181,1,13,298,1037,1861,8,5,17,1,1,1,1
1367,0,2.9,0,4,0,56,0.8,176,2,6,36,642,299,6,2,10,0,1,0,0
1179,1,0.5,0,7,1,32,0.3,182,2,12,85,1451,340,16,5,16,1,0,0,0
721,1,2.7,1,1,1,15,0.2,102,5,18,655,1255,3606,10,0,5,1,1,1,3
1549,1,1.8,1,0,0,62,0.7,91,4,4,167,990,799,7,3,9,1,0,1,0
1349,1,2.1,1,3,0,46,0.9,134,6,12,212,623,2367,11,7,10,1,0,1,1
1799,0,1.0,0,1,1,30,0.6,123,3,9,617,1386,445,10,8,10,1,1,0,0
1075,0,0.5,1,2,0,11,0.2,122,1,16,271,1769,3927,8,3,7,1,0,0,3
684,1,0.9,1,3,1,63,1.0,157,5,9,159,1738,3756,17,5,12,1,1,1,3
1837,0,0.5,0,9,0,36,0.9,162,4,20,786,872,770,14,1,15,0,0,1,0
1619,1,1.9,0,2,1,21,0.4,138,1,9,46,562,1641,7,2,13,1,0,0,1
965,1,1.4,0,1,0,13,0.9,197,8,2,645,1275,2343,17,12,15,1,0,0,2
730,0,1.5,0,9,0,9,0.7,122,4,15,1371,1677,2787,10,8,7,1,0,1,2
1361,1,1.4,0,1,0,47,1.0,169,5,2,881,1382,2495,8,7,16,0,0,1,2
1494,0,1.6,0,3,1,45,0.8,158,5,4,449,790,3208,11,9,4,1,0,0,3
1027,1,0.8,0,7,0,18,1.0,146,7,11,338,534,1234,7,4,14,1,0,1,0
1807,0,0.8,1,0,1,38,0.2,97,8,0,1332,1814,1069,7,6,7,1,0,0,1
709,0,2.4,1,1,0,11,0.1,130,5,11,119,1531,3568,16,14,3,0,0,1,3
689,0,1.4,0,2,0,45,0.5,103,5,11,256,823,3585,10,1,10,1,0,0,3
955,1,0.5,0,2,0,2,0.6,155,4,10,428,1254,1974,14,1,18,1,1,0,1
1872,1,1.9,0,5,0,35,0.6,111,3,14,1546,1879,2419,15,5,19,0,0,0,3
1259,0,1.2,1,0,0,13,0.5,97,2,0,1210,1989,340,17,13,4,1,0,1,0
695,0,1.2,0,1,1,41,0.4,169,8,8,789,1211,2282,5,2,17,1,1,0,1
1969,0,1.2,1,9,0,63,0.2,132,4,11,390,756,298,10,1,10,1,1,0,0
759,0,2.5,0,3,1,39,0.3,162,2,8,110,1317,968,6,2,2,1,0,0,0
936,0,1.0,0,1,0,18,0.2,153,3,18,1330,1686,2391,12,6,3,1,1,1,2
1176,1,2.1,0,2,1,62,0.5,168,2,10,674,1455,1534,6,2,17,1,0,0,1
1802,0,2.7,1,0,1,10,0.6,101,7,9,253,590,696,14,7,3,1,1,0,0
772,0,1.0,1,0,1,23,0.6,97,7,11,317,1805,2782,7,0,17,1,0,0,2
1318,1,2.4,0,1,1,45,0.1,136,2,7,183,661,755,18,3,9,1,0,1,0
591,1,0.5,1,1,1,16,0.9,90,6,17,892,1603,3746,5,0,5,1,1,0,3
569,1,2.5,1,0,0,41,0.3,124,1,1,388,605,2651,17,7,4,0,0,0,1
764,0,1.0,1,9,1,45,0.5,124,8,11,52,539,1341,19,1,12,1,0,0,0
1056,1,2.1,1,8,1,37,0.7,101,3,11,914,979,2651,15,5,3,1,1,1,2
1982,1,1.6,0,2,1,12,0.2,80,5,20,287,593,1824,13,3,14,1,1,1,1
1830,1,0.5,0,5,0,14,0.8,160,6,6,773,1353,1905,16,3,19,1,1,1,2
1122,0,0.5,0,0,1,40,0.3,156,7,14,675,1163,1456,9,3,20,1,1,0,1
1023,1,0.7,0,2,1,63,0.7,153,7,8,367,1985,3155,11,10,7,1,1,1,3
1283,1,2.4,1,8,1,33,1.0,93,3,15,510,980,773,17,7,2,1,1,0,0
1602,0,1.6,1,0,1,35,0.1,99,7,7,1325,1800,1829,18,17,13,1,0,0,2
732,1,1.3,0,5,1,32,0.4,163,8,7,1661,1836,3883,12,2,5,1,0,1,3
1854,0,0.9,1,0,1,33,0.4,195,1,0,665,718,1675,14,12,9,1,0,1,1
718,1,1.6,1,1,1,30,0.4,93,3,12,662,997,1601,10,9,12,1,1,1,1
897,1,2.0,0,3,1,2,0.6,154,8,10,0,994,1958,7,5,7,1,1,0,1
1405,0,1.7,0,0,0,8,0.3,107,4,7,284,1036,2376,19,6,11,0,1,0,2
798,0,0.6,1,6,1,21,0.5,110,2,12,661,1951,1647,12,2,3,1,0,0,1
1035,1,2.7,0,1,0,40,0.2,157,5,15,757,1912,3548,14,4,5,0,1,1,3
1396,1,0.6,0,0,0,37,0.7,134,4,15,560,1177,2694,18,3,19,0,0,1,2
1749,1,0.5,1,7,1,49,0.8,178,1,8,470,775,2195,5,4,4,1,0,1,2
1588,1,2.5,0,12,1,4,0.3,148,5,20,146,822,2506,5,3,11,1,0,0,2
1600,0,0.5,0,1,1,16,0.3,94,4,16,1315,1710,2073,9,5,4,1,1,0,2
1522,0,2.2,0,4,0,21,0.7,162,6,11,533,1696,3767,15,9,16,0,0,1,3
1279,1,2.5,0,5,1,7,0.5,105,6,6,560,1633,1150,7,2,7,1,0,0,1
719,0,2.9,0,7,0,6,0.7,102,6,8,405,1141,841,9,1,2,1,0,0,0
544,1,0.5,1,2,1,7,0.2,129,5,15,227,610,1675,13,4,17,1,1,0,0
1007,1,2.9,1,5,1,21,0.8,185,8,12,479,831,1301,8,6,12,1,1,0,0
590,1,1.2,1,0,0,32,0.4,141,6,1,227,509,1817,10,0,6,0,1,0,0
1788,0,0.5,0,0,1,6,0.2,141,6,16,149,1022,2321,7,5,20,1,1,0,2
748,0,1.4,0,0,0,25,1.0,110,7,14,88,709,1974,17,5,13,0,1,1,1
757,1,0.9,1,4,0,64,0.5,157,7,5,114,819,3433,6,5,10,1,1,0,2
1561,1,1.6,1,1,1,27,0.8,174,3,10,662,874,1205,12,7,3,1,1,0,1
1327,0,2.8,0,10,0,23,0.5,89,7,16,441,1721,872,7,5,4,1,1,1,0
797,1,1.5,1,4,0,18,0.6,81,8,20,888,1466,2052,9,3,14,1,1,1,1
727,1,2.5,1,0,1,64,0.2,193,1,9,664,711,3654,9,1,16,1,1,0,3
686,1,2.7,1,0,0,36,0.1,194,4,1,64,745,1503,10,0,13,0,0,0,0
1515,1,2.1,1,4,1,24,0.9,176,5,6,747,1247,3104,6,5,20,1,0,0,3
555,1,0.5,1,2,0,17,0.2,163,5,12,956,1010,343,19,14,3,0,1,1,0
1589,0,0.6,0,0,0,5,0.8,112,5,2,776,1397,3430,7,5,19,1,1,1,3
1976,1,2.6,1,6,0,45,1.0,136,4,19,652,1933,2470,11,1,3,0,0,0,3
1884,0,1.0,1,3,0,24,0.5,149,6,4,1168,1179,1396,15,8,9,1,1,1,1
1063,0,2.0,0,0,0,27,0.2,86,6,7,201,582,2668,12,5,19,0,0,0,2
672,1,0.6,1,13,0,61,0.1,194,5,20,724,1127,1457,14,10,20,1,0,1,0
635,1,0.5,0,9,0,16,1.0,110,7,17,599,1299,2452,19,17,8,1,0,0,2
1906,1,1.9,1,3,0,55,0.2,113,3,4,3,629,1871,13,5,4,1,0,1,1
1753,0,0.7,0,4,0,40,0.6,191,4,11,1652,1983,1112,8,2,15,1,1,1,1
659,0,1.4,1,2,1,3,0.1,85,8,6,190,657,967,10,1,14,1,0,1,0
1583,0,1.2,1,0,0,14,0.2,148,2,4,1171,1673,2498,13,6,8,0,0,1,2
1783,0,2.9,1,2,0,42,0.7,104,6,8,1081,1979,387,14,5,3,0,1,0,1
1667,0,1.0,1,0,1,21,0.9,138,2,0,1211,1396,635,17,7,15,1,0,0,0
640,0,1.3,1,5,1,6,0.6,143,8,20,976,1353,2711,15,7,8,1,1,0,2
1913,1,1.8,0,0,0,29,0.6,111,5,4,675,742,2023,17,13,8,1,1,0,2
538,0,1.1,1,0,1,25,0.3,163,7,7,455,537,2215,9,3,17,1,1,1,1
1191,0,0.8,0,6,1,46,0.8,89,6,9,42,807,824,19,18,7,1,0,0,0
816,0,3.0,1,2,0,9,0.1,117,1,3,1196,1651,3851,10,3,14,1,0,1,3
915,1,0.5,1,9,1,33,0.3,199,2,16,503,986,2156,7,3,13,1,1,0,1
1157,1,0.8,0,7,0,27,0.1,88,8,8,1694,1798,2885,8,4,2,1,0,1,3
1201,1,0.5,0,2,0,10,1.0,99,7,7,306,558,495,15,6,14,1,1,1,0
1379,0,1.1,1,1,1,18,0.2,129,2,16,838,885,2358,10,5,15,1,1,0,2
1483,1,2.2,0,3,1,53,0.7,169,5,11,291,651,1744,6,3,10,1,0,0,1
1614,0,1.2,0,1,1,9,0.1,161,3,2,173,1219,1832,15,8,11,1,0,0,1
930,1,1.0,1,4,1,4,0.9,144,8,10,1017,1289,2016,13,10,16,1,1,1,1
1454,0,2.6,0,8,0,6,0.4,199,3,20,698,1018,1300,10,0,2,0,0,1,1
1784,0,1.6,0,4,0,41,0.4,164,6,20,610,1437,2313,14,1,11,0,1,0,2
1262,0,1.8,1,12,0,34,0.1,149,5,16,223,737,3248,13,3,4,0,1,1,2
797,0,2.2,1,0,0,37,0.9,144,7,2,206,1167,2216,9,5,6,1,0,0,1
1829,1,2.1,0,8,0,59,0.1,91,5,15,1457,1919,3142,16,6,5,1,1,1,3
1139,1,0.9,1,6,1,58,0.5,161,2,11,742,999,1850,9,4,8,1,0,0,1
618,1,1.0,0,9,1,13,0.1,80,4,15,591,724,1424,15,12,7,1,1,0,0
1547,1,2.9,0,2,0,57,0.4,114,1,3,347,957,1620,9,2,19,0,1,1,1
586,0,2.8,0,2,0,15,0.2,83,3,11,241,854,2592,12,8,3,0,0,0,1
1617,1,2.4,0,8,1,36,0.8,85,1,9,743,1426,296,5,3,7,1,0,0,0
1882,0,2.0,0,11,1,44,0.8,113,8,19,4,743,3579,19,8,20,1,1,0,3
674,1,2.9,1,1,0,21,0.2,198,3,4,576,1809,1180,6,3,4,1,1,1,0
1467,1,0.5,0,0,0,18,0.6,122,5,0,888,1099,3962,15,11,5,1,1,1,3
858,0,2.2,0,1,0,50,0.1,84,1,2,528,1416,3978,17,16,3,1,1,0,3
794,1,0.5,1,0,1,2,0.8,106,6,14,1222,1890,668,13,4,19,1,1,0,0
1965,1,2.6,1,0,0,39,0.2,187,4,3,915,1965,2032,11,10,16,1,1,1,2
1911,0,0.9,1,1,1,36,0.7,108,8,3,868,1632,3057,9,1,5,1,1,0,3
1512,0,0.9,0,4,1,46,0.1,145,5,5,336,670,869,18,10,19,1,1,1,0
510,1,2.0,1,5,1,45,0.9,168,6,16,483,754,3919,19,4,2,1,1,1,3
